province_code,province,year,age_group,sex,population,deaths,diabetes_cases,hospitalizations
NL,Newfoundland and Labrador,2015,0-14,F,37615,20,308,752
NL,Newfoundland and Labrador,2015,0-14,M,35038,13,308,700
NL,Newfoundland and Labrador,2015,15-44,F,85797,50,1396,1715
NL,Newfoundland and Labrador,2015,15-44,M,90648,88,946,1812
NL,Newfoundland and Labrador,2015,45-64,F,67538,220,5473,3714
NL,Newfoundland and Labrador,2015,45-64,M,67390,226,5466,3706
NL,Newfoundland and Labrador,2015,65+,F,67343,1263,12101,3703
NL,Newfoundland and Labrador,2015,65+,M,67585,1268,12318,3717
NL,Newfoundland and Labrador,2016,0-14,F,35824,7,405,716
NL,Newfoundland and Labrador,2016,0-14,M,36684,17,365,733
NL,Newfoundland and Labrador,2016,15-44,F,88730,87,1055,1774
NL,Newfoundland and Labrador,2016,15-44,M,87362,66,944,1747
NL,Newfoundland and Labrador,2016,45-64,F,68637,195,5404,3775
NL,Newfoundland and Labrador,2016,45-64,M,66021,225,5407,3631
NL,Newfoundland and Labrador,2016,65+,F,66638,1324,12063,3665
NL,Newfoundland and Labrador,2016,65+,M,68020,1240,12302,3741
NL,Newfoundland and Labrador,2017,0-14,F,35602,18,440,712
NL,Newfoundland and Labrador,2017,0-14,M,36761,18,393,735
NL,Newfoundland and Labrador,2017,15-44,F,85989,72,708,1719
NL,Newfoundland and Labrador,2017,15-44,M,89751,74,763,1795
NL,Newfoundland and Labrador,2017,45-64,F,68102,215,5340,3745
NL,Newfoundland and Labrador,2017,45-64,M,66287,207,5051,3645
NL,Newfoundland and Labrador,2017,65+,F,66908,1271,11934,3679
NL,Newfoundland and Labrador,2017,65+,M,67481,1335,12273,3711
NL,Newfoundland and Labrador,2018,0-14,F,37270,14,315,745
NL,Newfoundland and Labrador,2018,0-14,M,34948,13,407,698
NL,Newfoundland and Labrador,2018,15-44,F,88034,72,527,1760
NL,Newfoundland and Labrador,2018,15-44,M,87354,80,657,1747
NL,Newfoundland and Labrador,2018,45-64,F,66980,218,5540,3683
NL,Newfoundland and Labrador,2018,45-64,M,67140,192,4965,3692
NL,Newfoundland and Labrador,2018,65+,F,66813,1413,12191,3674
NL,Newfoundland and Labrador,2018,65+,M,67307,1295,12049,3701
NL,Newfoundland and Labrador,2019,0-14,F,35455,13,388,709
NL,Newfoundland and Labrador,2019,0-14,M,36618,17,443,732
NL,Newfoundland and Labrador,2019,15-44,F,82688,74,742,1653
NL,Newfoundland and Labrador,2019,15-44,M,92349,78,596,1846
NL,Newfoundland and Labrador,2019,45-64,F,67856,210,5357,3732
NL,Newfoundland and Labrador,2019,45-64,M,65996,213,5171,3629
NL,Newfoundland and Labrador,2019,65+,F,65425,1243,11775,3598
NL,Newfoundland and Labrador,2019,65+,M,68427,1273,12338,3763
NL,Newfoundland and Labrador,2020,0-14,F,35371,13,307,707
NL,Newfoundland and Labrador,2020,0-14,M,36558,15,267,731
NL,Newfoundland and Labrador,2020,15-44,F,88775,70,1042,1775
NL,Newfoundland and Labrador,2020,15-44,M,85912,75,892,1718
NL,Newfoundland and Labrador,2020,45-64,F,65655,207,5303,3611
NL,Newfoundland and Labrador,2020,45-64,M,67929,215,5470,3736
NL,Newfoundland and Labrador,2020,65+,F,67570,1086,12144,3716
NL,Newfoundland and Labrador,2020,65+,M,66014,1366,12004,3630
NL,Newfoundland and Labrador,2021,0-14,F,35199,19,358,703
NL,Newfoundland and Labrador,2021,0-14,M,36586,17,320,731
NL,Newfoundland and Labrador,2021,15-44,F,87720,81,1088,1754
NL,Newfoundland and Labrador,2021,15-44,M,86618,72,788,1732
NL,Newfoundland and Labrador,2021,45-64,F,66658,223,5140,3666
NL,Newfoundland and Labrador,2021,45-64,M,66659,175,5259,3666
NL,Newfoundland and Labrador,2021,65+,F,68286,1255,12271,3755
NL,Newfoundland and Labrador,2021,65+,M,65031,1200,11894,3576
NL,Newfoundland and Labrador,2022,0-14,F,35587,16,400,711
NL,Newfoundland and Labrador,2022,0-14,M,36055,12,435,721
NL,Newfoundland and Labrador,2022,15-44,F,87126,81,684,1742
NL,Newfoundland and Labrador,2022,15-44,M,86863,57,1010,1737
NL,Newfoundland and Labrador,2022,45-64,F,66024,196,5167,3631
NL,Newfoundland and Labrador,2022,45-64,M,67026,233,5202,3686
NL,Newfoundland and Labrador,2022,65+,F,64339,1152,11663,3538
NL,Newfoundland and Labrador,2022,65+,M,68711,1278,12450,3779
NL,Newfoundland and Labrador,2023,0-14,F,36138,15,364,722
NL,Newfoundland and Labrador,2023,0-14,M,35360,13,405,707
NL,Newfoundland and Labrador,2023,15-44,F,87712,72,702,1754
NL,Newfoundland and Labrador,2023,15-44,M,85929,46,826,1718
NL,Newfoundland and Labrador,2023,45-64,F,63188,214,5052,3475
NL,Newfoundland and Labrador,2023,45-64,M,69596,218,5570,3827
NL,Newfoundland and Labrador,2023,65+,F,65666,1154,11966,3611
NL,Newfoundland and Labrador,2023,65+,M,67118,1332,12177,3691
NL,Newfoundland and Labrador,2024,0-14,F,35365,15,401,707
NL,Newfoundland and Labrador,2024,0-14,M,35991,17,334,719
NL,Newfoundland and Labrador,2024,15-44,F,87641,75,1147,1752
NL,Newfoundland and Labrador,2024,15-44,M,85653,60,605,1713
NL,Newfoundland and Labrador,2024,45-64,F,66041,212,5306,3632
NL,Newfoundland and Labrador,2024,45-64,M,66478,216,5288,3656
NL,Newfoundland and Labrador,2024,65+,F,64285,1097,11464,3535
NL,Newfoundland and Labrador,2024,65+,M,68234,1287,12057,3752
PE,Prince Edward Island,2015,0-14,F,12025,7,120,240
PE,Prince Edward Island,2015,0-14,M,11940,5,89,238
PE,Prince Edward Island,2015,15-44,F,29460,23,275,589
PE,Prince Edward Island,2015,15-44,M,28743,28,319,574
PE,Prince Edward Island,2015,45-64,F,22749,74,1842,1251
PE,Prince Edward Island,2015,45-64,M,21759,75,1809,1196
PE,Prince Edward Island,2015,65+,F,22706,409,4029,1248
PE,Prince Edward Island,2015,65+,M,21802,408,3944,1199
PE,Prince Edward Island,2016,0-14,F,11828,5,110,236
PE,Prince Edward Island,2016,0-14,M,12305,5,102,246
PE,Prince Edward Island,2016,15-44,F,28080,18,291,561
PE,Prince Edward Island,2016,15-44,M,30530,33,305,610
PE,Prince Edward Island,2016,45-64,F,22495,69,1791,1237
PE,Prince Edward Island,2016,45-64,M,22324,79,1687,1227
PE,Prince Edward Island,2016,65+,F,21722,375,3898,1194
PE,Prince Edward Island,2016,65+,M,23097,426,4184,1270
PE,Prince Edward Island,2017,0-14,F,12539,6,176,250
PE,Prince Edward Island,2017,0-14,M,11763,4,122,235
PE,Prince Edward Island,2017,15-44,F,29901,26,300,598
PE,Prince Edward Island,2017,15-44,M,29120,22,319,582
PE,Prince Edward Island,2017,45-64,F,21752,68,1771,1196
PE,Prince Edward Island,2017,45-64,M,23381,67,1825,1285
PE,Prince Edward Island,2017,65+,F,22353,464,4039,1229
PE,Prince Edward Island,2017,65+,M,22780,424,4100,1252
PE,Prince Edward Island,2018,0-14,F,12542,6,147,250
PE,Prince Edward Island,2018,0-14,M,11930,4,108,238
PE,Prince Edward Island,2018,15-44,F,29559,23,291,591
PE,Prince Edward Island,2018,15-44,M,29875,32,283,597
PE,Prince Edward Island,2018,45-64,F,22887,69,1865,1258
PE,Prince Edward Island,2018,45-64,M,22562,71,1775,1240
PE,Prince Edward Island,2018,65+,F,22124,458,3955,1216
PE,Prince Edward Island,2018,65+,M,23325,390,4245,1282
PE,Prince Edward Island,2019,0-14,F,12490,6,75,249
PE,Prince Edward Island,2019,0-14,M,12153,6,92,243
PE,Prince Edward Island,2019,15-44,F,29488,25,238,589
PE,Prince Edward Island,2019,15-44,M,30362,24,345,607
PE,Prince Edward Island,2019,45-64,F,22835,76,1917,1255
PE,Prince Edward Island,2019,45-64,M,22932,64,1908,1261
PE,Prince Edward Island,2019,65+,F,22836,409,4049,1255
PE,Prince Edward Island,2019,65+,M,22931,430,4169,1261
PE,Prince Edward Island,2020,0-14,F,12440,7,88,248
PE,Prince Edward Island,2020,0-14,M,12376,5,92,247
PE,Prince Edward Island,2020,15-44,F,29915,28,273,598
PE,Prince Edward Island,2020,15-44,M,30354,16,315,607
PE,Prince Edward Island,2020,45-64,F,22843,75,1883,1256
PE,Prince Edward Island,2020,45-64,M,23245,68,1891,1278
PE,Prince Edward Island,2020,65+,F,22494,379,4063,1237
PE,Prince Edward Island,2020,65+,M,23594,434,4243,1297
PE,Prince Edward Island,2021,0-14,F,12408,5,107,248
PE,Prince Edward Island,2021,0-14,M,12581,5,98,251
PE,Prince Edward Island,2021,15-44,F,31005,28,238,620
PE,Prince Edward Island,2021,15-44,M,29686,27,324,593
PE,Prince Edward Island,2021,45-64,F,24006,72,1977,1320
PE,Prince Edward Island,2021,45-64,M,22404,66,1771,1232
PE,Prince Edward Island,2021,65+,F,22991,458,4126,1264
PE,Prince Edward Island,2021,65+,M,23419,428,4282,1288
PE,Prince Edward Island,2022,0-14,F,12144,6,123,242
PE,Prince Edward Island,2022,0-14,M,13020,5,108,260
PE,Prince Edward Island,2022,15-44,F,30239,27,387,604
PE,Prince Edward Island,2022,15-44,M,30877,28,215,617
PE,Prince Edward Island,2022,45-64,F,22876,67,1812,1258
PE,Prince Edward Island,2022,45-64,M,23859,77,2003,1312
PE,Prince Edward Island,2022,65+,F,21965,433,3945,1208
PE,Prince Edward Island,2022,65+,M,24770,486,4502,1362
PE,Prince Edward Island,2023,0-14,F,12751,7,133,255
PE,Prince Edward Island,2023,0-14,M,12589,6,142,251
PE,Prince Edward Island,2023,15-44,F,30512,29,267,610
PE,Prince Edward Island,2023,15-44,M,31031,24,242,620
PE,Prince Edward Island,2023,45-64,F,23324,79,1887,1282
PE,Prince Edward Island,2023,45-64,M,23738,85,1898,1305
PE,Prince Edward Island,2023,65+,F,23216,410,4160,1276
PE,Prince Edward Island,2023,65+,M,23846,472,4332,1311
PE,Prince Edward Island,2024,0-14,F,12834,5,89,256
PE,Prince Edward Island,2024,0-14,M,12684,5,149,253
PE,Prince Edward Island,2024,15-44,F,30631,27,309,612
PE,Prince Edward Island,2024,15-44,M,31343,26,272,626
PE,Prince Edward Island,2024,45-64,F,23365,77,1892,1285
PE,Prince Edward Island,2024,45-64,M,24027,73,1818,1321
PE,Prince Edward Island,2024,65+,F,23176,427,4131,1274
PE,Prince Edward Island,2024,65+,M,24216,480,4339,1331
NS,Nova Scotia,2015,0-14,F,67346,33,765,1346
NS,Nova Scotia,2015,0-14,M,70264,23,872,1405
NS,Nova Scotia,2015,15-44,F,166226,133,1709,3324
NS,Nova Scotia,2015,15-44,M,167972,106,1817,3359
NS,Nova Scotia,2015,45-64,F,130412,373,10035,7172
NS,Nova Scotia,2015,45-64,M,125151,435,9854,6883
NS,Nova Scotia,2015,65+,F,123862,2273,21872,6812
NS,Nova Scotia,2015,65+,M,131701,2325,24031,7243
NS,Nova Scotia,2016,0-14,F,69227,28,714,1384
NS,Nova Scotia,2016,0-14,M,68796,33,841,1375
NS,Nova Scotia,2016,15-44,F,162745,131,1195,3254
NS,Nova Scotia,2016,15-44,M,172455,138,1814,3449
NS,Nova Scotia,2016,45-64,F,130635,386,10540,7184
NS,Nova Scotia,2016,45-64,M,125694,400,10063,6913
NS,Nova Scotia,2016,65+,F,130109,2436,23179,7155
NS,Nova Scotia,2016,65+,M,126220,2533,22980,6942
NS,Nova Scotia,2017,0-14,F,71774,26,502,1435
NS,Nova Scotia,2017,0-14,M,66663,26,655,1333
NS,Nova Scotia,2017,15-44,F,172977,127,1382,3459
NS,Nova Scotia,2017,15-44,M,163229,142,1654,3264
NS,Nova Scotia,2017,45-64,F,130405,423,10289,7172
NS,Nova Scotia,2017,45-64,M,126693,396,10559,6968
NS,Nova Scotia,2017,65+,F,125103,2181,22726,6880
NS,Nova Scotia,2017,65+,M,131995,2636,23455,7259
NS,Nova Scotia,2018,0-14,F,68289,39,529,1365
NS,Nova Scotia,2018,0-14,M,70563,26,849,1411
NS,Nova Scotia,2018,15-44,F,167692,153,1791,3353
NS,Nova Scotia,2018,15-44,M,169523,152,1245,3390
NS,Nova Scotia,2018,45-64,F,126234,440,10040,6942
NS,Nova Scotia,2018,45-64,M,131636,419,10127,7239
NS,Nova Scotia,2018,65+,F,127609,2512,22953,7018
NS,Nova Scotia,2018,65+,M,130261,2650,23359,7164
NS,Nova Scotia,2019,0-14,F,68848,25,685,1376
NS,Nova Scotia,2019,0-14,M,70421,30,735,1408
NS,Nova Scotia,2019,15-44,F,170363,142,1985,3407
NS,Nova Scotia,2019,15-44,M,167863,133,1139,3357
NS,Nova Scotia,2019,45-64,F,124796,442,9661,6863
NS,Nova Scotia,2019,45-64,M,133847,451,10573,7361
NS,Nova Scotia,2019,65+,F,128640,2489,23094,7075
NS,Nova Scotia,2019,65+,M,130003,2347,23220,7150
NS,Nova Scotia,2020,0-14,F,71123,27,701,1422
NS,Nova Scotia,2020,0-14,M,68564,26,779,1371
NS,Nova Scotia,2020,15-44,F,164575,128,1724,3291
NS,Nova Scotia,2020,15-44,M,174666,158,1911,3493
NS,Nova Scotia,2020,45-64,F,129512,438,10485,7123
NS,Nova Scotia,2020,45-64,M,129907,375,10618,7144
NS,Nova Scotia,2020,65+,F,127408,2304,22943,7007
NS,Nova Scotia,2020,65+,M,132011,2616,23706,7260
NS,Nova Scotia,2021,0-14,F,68550,43,577,1371
NS,Nova Scotia,2021,0-14,M,71556,24,759,1431
NS,Nova Scotia,2021,15-44,F,167674,137,2164,3353
NS,Nova Scotia,2021,15-44,M,172585,118,1965,3451
NS,Nova Scotia,2021,45-64,F,131675,477,11058,7242
NS,Nova Scotia,2021,45-64,M,128523,386,10140,7068
NS,Nova Scotia,2021,65+,F,127862,2369,23003,7032
NS,Nova Scotia,2021,65+,M,132336,2518,23312,7278
NS,Nova Scotia,2022,0-14,F,70282,27,633,1405
NS,Nova Scotia,2022,0-14,M,70244,39,525,1404
NS,Nova Scotia,2022,15-44,F,167865,137,1584,3357
NS,Nova Scotia,2022,15-44,M,173415,163,1852,3468
NS,Nova Scotia,2022,45-64,F,129000,444,10234,7095
NS,Nova Scotia,2022,45-64,M,131978,402,10271,7258
NS,Nova Scotia,2022,65+,F,132643,2989,24205,7295
NS,Nova Scotia,2022,65+,M,128335,2230,22760,7058
NS,Nova Scotia,2023,0-14,F,69795,34,774,1395
NS,Nova Scotia,2023,0-14,M,71153,30,693,1423
NS,Nova Scotia,2023,15-44,F,170029,146,945,3400
NS,Nova Scotia,2023,15-44,M,172274,141,1429,3445
NS,Nova Scotia,2023,45-64,F,130422,514,10529,7173
NS,Nova Scotia,2023,45-64,M,131339,409,10749,7223
NS,Nova Scotia,2023,65+,F,129617,2528,23488,7128
NS,Nova Scotia,2023,65+,M,132144,2836,23487,7267
NS,Nova Scotia,2024,0-14,F,70016,26,777,1400
NS,Nova Scotia,2024,0-14,M,71355,26,653,1427
NS,Nova Scotia,2024,15-44,F,172679,166,2043,3453
NS,Nova Scotia,2024,15-44,M,170652,119,1725,3413
NS,Nova Scotia,2024,45-64,F,133136,384,10593,7322
NS,Nova Scotia,2024,45-64,M,129411,404,10980,7117
NS,Nova Scotia,2024,65+,F,130137,2257,23277,7157
NS,Nova Scotia,2024,65+,M,132410,2678,24386,7282
NB,New Brunswick,2015,0-14,F,56275,16,773,1125
NB,New Brunswick,2015,0-14,M,52814,25,436,1056
NB,New Brunswick,2015,15-44,F,131050,69,1311,2621
NB,New Brunswick,2015,15-44,M,133883,119,1586,2677
NB,New Brunswick,2015,45-64,F,103352,332,8076,5684
NB,New Brunswick,2015,45-64,M,99244,323,7761,5458
NB,New Brunswick,2015,65+,F,102125,1818,18515,5616
NB,New Brunswick,2015,65+,M,100471,2012,18037,5525
NB,New Brunswick,2016,0-14,F,54448,18,511,1088
NB,New Brunswick,2016,0-14,M,54532,24,831,1090
NB,New Brunswick,2016,15-44,F,135277,138,1622,2705
NB,New Brunswick,2016,15-44,M,129391,114,1749,2587
NB,New Brunswick,2016,45-64,F,100443,331,8024,5524
NB,New Brunswick,2016,45-64,M,101950,357,8379,5607
NB,New Brunswick,2016,65+,F,102463,1784,18401,5635
NB,New Brunswick,2016,65+,M,99930,1802,17974,5496
NB,New Brunswick,2017,0-14,F,53088,21,526,1061
NB,New Brunswick,2017,0-14,M,55783,25,652,1115
NB,New Brunswick,2017,15-44,F,138143,107,1439,2762
NB,New Brunswick,2017,15-44,M,126261,125,1138,2525
NB,New Brunswick,2017,45-64,F,104890,351,8257,5768
NB,New Brunswick,2017,45-64,M,97301,282,7662,5351
NB,New Brunswick,2017,65+,F,101469,1854,17816,5580
NB,New Brunswick,2017,65+,M,100722,2022,18386,5539
NB,New Brunswick,2018,0-14,F,53672,19,515,1073
NB,New Brunswick,2018,0-14,M,55090,24,616,1101
NB,New Brunswick,2018,15-44,F,130304,99,1324,2606
NB,New Brunswick,2018,15-44,M,133835,121,1728,2676
NB,New Brunswick,2018,45-64,F,99571,338,7982,5476
NB,New Brunswick,2018,45-64,M,102417,363,8277,5632
NB,New Brunswick,2018,65+,F,102733,2124,18635,5650
NB,New Brunswick,2018,65+,M,99255,1833,17770,5459
NB,New Brunswick,2019,0-14,F,54004,26,561,1080
NB,New Brunswick,2019,0-14,M,54649,25,732,1092
NB,New Brunswick,2019,15-44,F,129110,112,1534,2582
NB,New Brunswick,2019,15-44,M,134765,97,1454,2695
NB,New Brunswick,2019,45-64,F,97242,305,7614,5348
NB,New Brunswick,2019,45-64,M,104544,317,8135,5749
NB,New Brunswick,2019,65+,F,102477,1901,18157,5636
NB,New Brunswick,2019,65+,M,99309,1888,18054,5461
NB,New Brunswick,2020,0-14,F,55258,31,609,1105
NB,New Brunswick,2020,0-14,M,53287,28,462,1065
NB,New Brunswick,2020,15-44,F,129553,93,1526,2591
NB,New Brunswick,2020,15-44,M,134058,116,1488,2681
NB,New Brunswick,2020,45-64,F,103162,307,8376,5673
NB,New Brunswick,2020,45-64,M,98423,291,7965,5413
NB,New Brunswick,2020,65+,F,103548,2072,18383,5695
NB,New Brunswick,2020,65+,M,98037,1927,17769,5392
NB,New Brunswick,2021,0-14,F,54974,27,578,1099
NB,New Brunswick,2021,0-14,M,53462,21,426,1069
NB,New Brunswick,2021,15-44,F,136843,122,940,2736
NB,New Brunswick,2021,15-44,M,126505,108,1198,2530
NB,New Brunswick,2021,45-64,F,99324,310,7880,5462
NB,New Brunswick,2021,45-64,M,102059,345,8233,5613
NB,New Brunswick,2021,65+,F,100055,1957,17702,5503
NB,New Brunswick,2021,65+,M,101328,2017,18363,5573
NB,New Brunswick,2022,0-14,F,55265,23,548,1105
NB,New Brunswick,2022,0-14,M,53063,23,566,1061
NB,New Brunswick,2022,15-44,F,127776,125,942,2555
NB,New Brunswick,2022,15-44,M,135308,125,1712,2706
NB,New Brunswick,2022,45-64,F,99813,346,8386,5489
NB,New Brunswick,2022,45-64,M,101369,350,8160,5575
NB,New Brunswick,2022,65+,F,98488,1888,17732,5416
NB,New Brunswick,2022,65+,M,102694,1907,18806,5648
NB,New Brunswick,2023,0-14,F,54996,31,604,1099
NB,New Brunswick,2023,0-14,M,53224,17,571,1064
NB,New Brunswick,2023,15-44,F,136930,126,1611,2738
NB,New Brunswick,2023,15-44,M,125891,98,1290,2517
NB,New Brunswick,2023,45-64,F,96563,296,7520,5310
NB,New Brunswick,2023,45-64,M,104418,372,8763,5742
NB,New Brunswick,2023,65+,F,100483,2031,18356,5526
NB,New Brunswick,2023,65+,M,100498,1819,17992,5527
NB,New Brunswick,2024,0-14,F,52725,30,586,1054
NB,New Brunswick,2024,0-14,M,55386,21,773,1107
NB,New Brunswick,2024,15-44,F,132673,107,1417,2653
NB,New Brunswick,2024,15-44,M,129885,134,1520,2597
NB,New Brunswick,2024,45-64,F,99557,330,7973,5475
NB,New Brunswick,2024,45-64,M,101223,338,7585,5567
NB,New Brunswick,2024,65+,F,100986,1947,17945,5554
NB,New Brunswick,2024,65+,M,99794,1942,17922,5488
QC,Quebec,2015,0-14,F,667827,384,6056,13356
QC,Quebec,2015,0-14,M,716428,313,7058,14328
QC,Quebec,2015,15-44,F,1745950,1524,14811,34919
QC,Quebec,2015,15-44,M,1714689,1224,19282,34293
QC,Quebec,2015,45-64,F,1110547,3330,90832,61080
QC,Quebec,2015,45-64,M,1138868,3464,91686,62637
QC,Quebec,2015,65+,F,765868,14520,138552,42122
QC,Quebec,2015,65+,M,791419,14546,142144,43528
QC,Quebec,2016,0-14,F,699147,272,6744,13982
QC,Quebec,2016,0-14,M,693413,226,6252,13868
QC,Quebec,2016,15-44,F,1750619,1434,16660,35012
QC,Quebec,2016,15-44,M,1730783,1458,18967,34615
QC,Quebec,2016,45-64,F,1111666,3376,86258,61141
QC,Quebec,2016,45-64,M,1151245,3384,90977,63318
QC,Quebec,2016,65+,F,788828,14258,139944,43385
QC,Quebec,2016,65+,M,777802,14352,140286,42779
QC,Quebec,2017,0-14,F,692122,280,6349,13842
QC,Quebec,2017,0-14,M,708793,266,7043,14175
QC,Quebec,2017,15-44,F,1780860,1636,11447,35617
QC,Quebec,2017,15-44,M,1721431,1388,18250,34428
QC,Quebec,2017,45-64,F,1134059,4392,91518,62373
QC,Quebec,2017,45-64,M,1142429,3369,91176,62833
QC,Quebec,2017,65+,F,816009,15425,145522,44880
QC,Quebec,2017,65+,M,760021,15275,135968,41801
QC,Quebec,2018,0-14,F,706306,281,9519,14126
QC,Quebec,2018,0-14,M,703015,298,9606,14060
QC,Quebec,2018,15-44,F,1732967,1573,18607,34659
QC,Quebec,2018,15-44,M,1790338,1606,11001,35806
QC,Quebec,2018,45-64,F,1151460,3927,92004,63330
QC,Quebec,2018,45-64,M,1138687,3243,90975,62627
QC,Quebec,2018,65+,F,765725,15694,137735,42114
QC,Quebec,2018,65+,M,819761,16511,146956,45086
QC,Quebec,2019,0-14,F,733046,275,9621,14660
QC,Quebec,2019,0-14,M,684731,293,6514,13694
QC,Quebec,2019,15-44,F,1782850,1922,23626,35657
QC,Quebec,2019,15-44,M,1761594,1966,17055,35231
QC,Quebec,2019,45-64,F,1145133,3230,94993,62982
QC,Quebec,2019,45-64,M,1158755,3369,93202,63731
QC,Quebec,2019,65+,F,815001,14909,145335,44825
QC,Quebec,2019,65+,M,779998,14250,139558,42899
QC,Quebec,2020,0-14,F,720961,372,5616,14419
QC,Quebec,2020,0-14,M,705322,329,8771,14106
QC,Quebec,2020,15-44,F,1801155,1375,17181,36023
QC,Quebec,2020,15-44,M,1764556,1749,18330,35291
QC,Quebec,2020,45-64,F,1171168,3889,91111,64414
QC,Quebec,2020,45-64,M,1146544,3864,92660,63059
QC,Quebec,2020,65+,F,807224,14524,143868,44397
QC,Quebec,2020,65+,M,797345,15661,145481,43853
QC,Quebec,2021,0-14,F,726565,353,4232,14531
QC,Quebec,2021,0-14,M,708276,285,7038,14165
QC,Quebec,2021,15-44,F,1826184,1347,15822,36523
QC,Quebec,2021,15-44,M,1760921,1558,16949,35218
QC,Quebec,2021,45-64,F,1217996,3251,95961,66989
QC,Quebec,2021,45-64,M,1113622,3691,82970,61249
QC,Quebec,2021,65+,F,815165,14973,148993,44834
QC,Quebec,2021,65+,M,799032,14812,144437,43946
QC,Quebec,2022,0-14,F,719686,201,8302,14393
QC,Quebec,2022,0-14,M,723764,338,7973,14475
QC,Quebec,2022,15-44,F,1696055,1017,22810,33921
QC,Quebec,2022,15-44,M,1912573,1559,20224,38251
QC,Quebec,2022,45-64,F,1173871,3631,92571,64562
QC,Quebec,2022,45-64,M,1171736,3846,90183,64445
QC,Quebec,2022,65+,F,799752,14795,142147,43986
QC,Quebec,2022,65+,M,824130,15213,150415,45327
QC,Quebec,2023,0-14,F,733829,351,6265,14676
QC,Quebec,2023,0-14,M,718282,366,8167,14365
QC,Quebec,2023,15-44,F,1748030,1448,19817,34960
QC,Quebec,2023,15-44,M,1882250,1622,23700,37645
QC,Quebec,2023,45-64,F,1196803,4052,95278,65824
QC,Quebec,2023,45-64,M,1162878,3702,93243,63958
QC,Quebec,2023,65+,F,812692,15327,146633,44698
QC,Quebec,2023,65+,M,820933,17152,149385,45151
QC,Quebec,2024,0-14,F,717715,296,5900,14354
QC,Quebec,2024,0-14,M,743109,391,8733,14862
QC,Quebec,2024,15-44,F,1772248,1377,16908,35444
QC,Quebec,2024,15-44,M,1879813,1228,17322,37596
QC,Quebec,2024,45-64,F,1163263,3586,94551,63979
QC,Quebec,2024,45-64,M,1210576,3816,97630,66581
QC,Quebec,2024,65+,F,840575,16056,146274,46231
QC,Quebec,2024,65+,M,802852,15074,141895,44156
ON,Ontario,2015,0-14,F,1231555,630,13465,24631
ON,Ontario,2015,0-14,M,1292434,738,10471,25848
ON,Ontario,2015,15-44,F,2937268,2825,27983,58745
ON,Ontario,2015,15-44,M,3150001,3106,24530,63000
ON,Ontario,2015,45-64,F,1961938,5979,154879,107906
ON,Ontario,2015,45-64,M,1898281,5573,156505,104405
ON,Ontario,2015,65+,F,1193909,23189,213541,65664
ON,Ontario,2015,65+,M,1181610,19869,213328,64988
ON,Ontario,2016,0-14,F,1323362,588,9612,26467
ON,Ontario,2016,0-14,M,1225866,746,14493,24517
ON,Ontario,2016,15-44,F,3067569,3072,25483,61351
ON,Ontario,2016,15-44,M,3080572,2819,32036,61611
ON,Ontario,2016,45-64,F,1939117,6821,157970,106651
ON,Ontario,2016,45-64,M,1959704,6412,150290,107783
ON,Ontario,2016,65+,F,1222671,23050,220309,67246
ON,Ontario,2016,65+,M,1176603,20759,217463,64713
ON,Ontario,2017,0-14,F,1248318,621,12663,24966
ON,Ontario,2017,0-14,M,1326403,574,10738,26528
ON,Ontario,2017,15-44,F,3100000,2730,23301,62000
ON,Ontario,2017,15-44,M,3109622,2767,30130,62192
ON,Ontario,2017,45-64,F,2044030,6101,161831,112421
ON,Ontario,2017,45-64,M,1893779,6953,153610,104157
ON,Ontario,2017,65+,F,1243995,24361,220069,68419
ON,Ontario,2017,65+,M,1179271,23938,211157,64859
ON,Ontario,2018,0-14,F,1302669,724,9673,26053
ON,Ontario,2018,0-14,M,1297799,438,11463,25955
ON,Ontario,2018,15-44,F,3070735,2050,13313,61414
ON,Ontario,2018,15-44,M,3200983,2547,35542,64019
ON,Ontario,2018,45-64,F,1940857,5986,153671,106747
ON,Ontario,2018,45-64,M,2036330,7103,155291,111998
ON,Ontario,2018,65+,F,1233259,23713,223094,67829
ON,Ontario,2018,65+,M,1214240,22327,218646,66783
ON,Ontario,2019,0-14,F,1378591,547,15036,27571
ON,Ontario,2019,0-14,M,1247881,463,12626,24957
ON,Ontario,2019,15-44,F,3138911,2539,32459,62778
ON,Ontario,2019,15-44,M,3195525,2347,30634,63910
ON,Ontario,2019,45-64,F,1983967,6426,156390,109118
ON,Ontario,2019,45-64,M,2032992,6619,165544,111814
ON,Ontario,2019,65+,F,1286661,26236,230733,70766
ON,Ontario,2019,65+,M,1185313,23126,216194,65192
ON,Ontario,2020,0-14,F,1362755,535,12841,27255
ON,Ontario,2020,0-14,M,1289982,499,17375,25799
ON,Ontario,2020,15-44,F,3253704,2548,33867,65074
ON,Ontario,2020,15-44,M,3144076,2218,28952,62881
ON,Ontario,2020,45-64,F,2015685,6282,160878,110862
ON,Ontario,2020,45-64,M,2041443,6262,157132,112279
ON,Ontario,2020,65+,F,1240318,26178,223302,68217
ON,Ontario,2020,65+,M,1256376,24210,227888,69100
ON,Ontario,2021,0-14,F,1373641,805,14292,27472
ON,Ontario,2021,0-14,M,1305624,757,11142,26112
ON,Ontario,2021,15-44,F,3113400,2935,34577,62268
ON,Ontario,2021,15-44,M,3348358,2940,31819,66967
ON,Ontario,2021,45-64,F,1999656,6469,152105,109981
ON,Ontario,2021,45-64,M,2098044,6127,167063,115392
ON,Ontario,2021,65+,F,1253013,23722,228597,68915
ON,Ontario,2021,65+,M,1268648,21133,228720,69775
ON,Ontario,2022,0-14,F,1402224,716,13757,28044
ON,Ontario,2022,0-14,M,1303833,630,10785,26076
ON,Ontario,2022,15-44,F,3179685,3100,35507,63593
ON,Ontario,2022,15-44,M,3346691,2792,37348,66933
ON,Ontario,2022,45-64,F,2098595,7164,174810,115422
ON,Ontario,2022,45-64,M,2040082,7074,160229,112204
ON,Ontario,2022,65+,F,1264234,22058,229009,69532
ON,Ontario,2022,65+,M,1282643,25063,226079,70545
ON,Ontario,2023,0-14,F,1398312,597,13141,27966
ON,Ontario,2023,0-14,M,1334806,471,14386,26696
ON,Ontario,2023,15-44,F,3279243,2710,27835,65584
ON,Ontario,2023,15-44,M,3312396,3232,44090,66247
ON,Ontario,2023,45-64,F,2110245,6429,170892,116063
ON,Ontario,2023,45-64,M,2069818,6438,165008,113839
ON,Ontario,2023,65+,F,1267147,21172,231427,69693
ON,Ontario,2023,65+,M,1305199,24912,233861,71785
ON,Ontario,2024,0-14,F,1382688,618,9039,27653
ON,Ontario,2024,0-14,M,1377761,784,13891,27555
ON,Ontario,2024,15-44,F,3299285,3181,26254,65985
ON,Ontario,2024,15-44,M,3358271,3045,31785,67165
ON,Ontario,2024,45-64,F,2075182,5536,165603,114135
ON,Ontario,2024,45-64,M,2146682,6545,173590,118067
ON,Ontario,2024,65+,F,1286823,23356,229795,70775
ON,Ontario,2024,65+,M,1311247,24739,233673,72118
MB,Manitoba,2015,0-14,F,136761,57,572,2735
MB,Manitoba,2015,0-14,M,141446,59,1120,2828
MB,Manitoba,2015,15-44,F,301648,211,3082,6032
MB,Manitoba,2015,15-44,M,282587,285,3002,5651
MB,Manitoba,2015,45-64,F,168949,559,13360,9292
MB,Manitoba,2015,45-64,M,164899,499,12811,9069
MB,Manitoba,2015,65+,F,100784,1867,18172,5543
MB,Manitoba,2015,65+,M,93960,1774,16834,5167
MB,Manitoba,2016,0-14,F,142868,71,1052,2857
MB,Manitoba,2016,0-14,M,137564,70,1099,2751
MB,Manitoba,2016,15-44,F,298886,201,2689,5977
MB,Manitoba,2016,15-44,M,290023,280,3199,5800
MB,Manitoba,2016,45-64,F,164967,549,12833,9073
MB,Manitoba,2016,45-64,M,171552,534,13456,9435
MB,Manitoba,2016,65+,F,95539,1678,17367,5254
MB,Manitoba,2016,65+,M,100763,2022,18506,5541
MB,Manitoba,2017,0-14,F,142496,72,2075,2849
MB,Manitoba,2017,0-14,M,140180,56,971,2803
MB,Manitoba,2017,15-44,F,307970,288,1919,6159
MB,Manitoba,2017,15-44,M,285650,230,3106,5713
MB,Manitoba,2017,45-64,F,168977,558,13593,9293
MB,Manitoba,2017,45-64,M,170234,599,13294,9362
MB,Manitoba,2017,65+,F,100276,1812,18216,5515
MB,Manitoba,2017,65+,M,97596,1959,17655,5367
MB,Manitoba,2018,0-14,F,139096,49,1854,2781
MB,Manitoba,2018,0-14,M,145841,83,1672,2916
MB,Manitoba,2018,15-44,F,288523,187,2582,5770
MB,Manitoba,2018,15-44,M,309846,236,3545,6196
MB,Manitoba,2018,45-64,F,174553,591,14442,9600
MB,Manitoba,2018,45-64,M,167372,564,13484,9205
MB,Manitoba,2018,65+,F,101698,1828,18559,5593
MB,Manitoba,2018,65+,M,97757,1948,17588,5376
MB,Manitoba,2019,0-14,F,144809,41,1137,2896
MB,Manitoba,2019,0-14,M,142408,85,1059,2848
MB,Manitoba,2019,15-44,F,300435,291,2250,6008
MB,Manitoba,2019,15-44,M,302721,264,3595,6054
MB,Manitoba,2019,45-64,F,172287,674,13208,9475
MB,Manitoba,2019,45-64,M,172373,597,13730,9480
MB,Manitoba,2019,65+,F,98974,1932,17670,5443
MB,Manitoba,2019,65+,M,102077,1967,17994,5614
MB,Manitoba,2020,0-14,F,143011,67,1612,2860
MB,Manitoba,2020,0-14,M,146503,78,1572,2930
MB,Manitoba,2020,15-44,F,303091,225,2599,6061
MB,Manitoba,2020,15-44,M,304891,302,3924,6097
MB,Manitoba,2020,45-64,F,174536,560,13647,9599
MB,Manitoba,2020,45-64,M,172881,603,14060,9508
MB,Manitoba,2020,65+,F,97396,1747,17457,5356
MB,Manitoba,2020,65+,M,105264,2029,19083,5789
MB,Manitoba,2021,0-14,F,146544,55,1723,2930
MB,Manitoba,2021,0-14,M,145286,73,1186,2905
MB,Manitoba,2021,15-44,F,298116,295,3061,5962
MB,Manitoba,2021,15-44,M,314729,270,3496,6294
MB,Manitoba,2021,45-64,F,178116,571,13482,9796
MB,Manitoba,2021,45-64,M,172081,588,13229,9464
MB,Manitoba,2021,65+,F,99069,1843,17790,5448
MB,Manitoba,2021,65+,M,105212,1919,18877,5786
MB,Manitoba,2022,0-14,F,142910,35,1794,2858
MB,Manitoba,2022,0-14,M,151255,72,1147,3025
MB,Manitoba,2022,15-44,F,315517,331,2558,6310
MB,Manitoba,2022,15-44,M,302231,215,3709,6044
MB,Manitoba,2022,45-64,F,175304,519,14100,9641
MB,Manitoba,2022,45-64,M,177694,523,14606,9773
MB,Manitoba,2022,65+,F,100772,1979,18211,5542
MB,Manitoba,2022,65+,M,105143,2219,18925,5782
MB,Manitoba,2023,0-14,F,151763,73,2150,3035
MB,Manitoba,2023,0-14,M,144755,53,1342,2895
MB,Manitoba,2023,15-44,F,308752,260,2480,6175
MB,Manitoba,2023,15-44,M,313938,309,4596,6278
MB,Manitoba,2023,45-64,F,177213,527,13628,9746
MB,Manitoba,2023,45-64,M,178609,583,14683,9823
MB,Manitoba,2023,65+,F,102795,1952,18381,5653
MB,Manitoba,2023,65+,M,104767,1853,19032,5762
MB,Manitoba,2024,0-14,F,146714,47,1933,2934
MB,Manitoba,2024,0-14,M,152177,75,1947,3043
MB,Manitoba,2024,15-44,F,322260,221,3126,6445
MB,Manitoba,2024,15-44,M,305412,278,4151,6108
MB,Manitoba,2024,45-64,F,176802,555,13781,9724
MB,Manitoba,2024,45-64,M,181867,637,14198,10002
MB,Manitoba,2024,65+,F,101204,1888,18538,5566
MB,Manitoba,2024,65+,M,108019,2140,19413,5941
SK,Saskatchewan,2015,0-14,F,120059,50,1303,2401
SK,Saskatchewan,2015,0-14,M,117591,53,1036,2351
SK,Saskatchewan,2015,15-44,F,250360,215,1437,5007
SK,Saskatchewan,2015,15-44,M,248707,225,1999,4974
SK,Saskatchewan,2015,45-64,F,145880,405,11147,8023
SK,Saskatchewan,2015,45-64,M,139301,398,10946,7661
SK,Saskatchewan,2015,65+,F,79928,1468,14415,4396
SK,Saskatchewan,2015,65+,M,86427,1683,15579,4753
SK,Saskatchewan,2016,0-14,F,119842,42,1546,2396
SK,Saskatchewan,2016,0-14,M,119472,71,792,2389
SK,Saskatchewan,2016,15-44,F,256427,209,2069,5128
SK,Saskatchewan,2016,15-44,M,246134,224,2102,4922
SK,Saskatchewan,2016,45-64,F,137371,480,11048,7555
SK,Saskatchewan,2016,45-64,M,149806,517,12315,8239
SK,Saskatchewan,2016,65+,F,84704,1526,15259,4658
SK,Saskatchewan,2016,65+,M,82815,1659,14929,4554
SK,Saskatchewan,2017,0-14,F,124295,47,1224,2485
SK,Saskatchewan,2017,0-14,M,116694,51,1627,2333
SK,Saskatchewan,2017,15-44,F,260054,236,3375,5201
SK,Saskatchewan,2017,15-44,M,246025,276,2261,4920
SK,Saskatchewan,2017,45-64,F,143172,478,11509,7874
SK,Saskatchewan,2017,45-64,M,146015,463,11808,8030
SK,Saskatchewan,2017,65+,F,88618,1756,15973,4873
SK,Saskatchewan,2017,65+,M,80074,1500,14741,4404
SK,Saskatchewan,2018,0-14,F,122976,51,1719,2459
SK,Saskatchewan,2018,0-14,M,119700,45,1065,2394
SK,Saskatchewan,2018,15-44,F,255560,243,2661,5111
SK,Saskatchewan,2018,15-44,M,254061,176,2270,5081
SK,Saskatchewan,2018,45-64,F,147375,468,11915,8105
SK,Saskatchewan,2018,45-64,M,143837,475,10996,7911
SK,Saskatchewan,2018,65+,F,83129,1604,15193,4572
SK,Saskatchewan,2018,65+,M,86744,1694,15804,4770
SK,Saskatchewan,2019,0-14,F,121047,67,1336,2420
SK,Saskatchewan,2019,0-14,M,123328,54,1793,2466
SK,Saskatchewan,2019,15-44,F,252032,231,1876,5040
SK,Saskatchewan,2019,15-44,M,261157,181,2764,5223
SK,Saskatchewan,2019,45-64,F,146198,445,11737,8040
SK,Saskatchewan,2019,45-64,M,147052,528,11968,8087
SK,Saskatchewan,2019,65+,F,87483,1650,15606,4811
SK,Saskatchewan,2019,65+,M,83579,1549,14975,4596
SK,Saskatchewan,2020,0-14,F,124218,43,1210,2484
SK,Saskatchewan,2020,0-14,M,121868,49,504,2437
SK,Saskatchewan,2020,15-44,F,247781,242,2291,4955
SK,Saskatchewan,2020,15-44,M,269000,229,2059,5380
SK,Saskatchewan,2020,45-64,F,142644,524,11456,7845
SK,Saskatchewan,2020,45-64,M,152659,527,12266,8396
SK,Saskatchewan,2020,65+,F,88432,1636,15941,4863
SK,Saskatchewan,2020,65+,M,83827,1546,15052,4610
SK,Saskatchewan,2021,0-14,F,124130,55,1254,2482
SK,Saskatchewan,2021,0-14,M,123678,45,1059,2473
SK,Saskatchewan,2021,15-44,F,266884,258,1544,5337
SK,Saskatchewan,2021,15-44,M,253515,250,3238,5070
SK,Saskatchewan,2021,45-64,F,149584,381,11858,8227
SK,Saskatchewan,2021,45-64,M,147786,470,11524,8128
SK,Saskatchewan,2021,65+,F,87626,1825,15889,4819
SK,Saskatchewan,2021,65+,M,85839,1535,15176,4721
SK,Saskatchewan,2022,0-14,F,125588,54,1380,2511
SK,Saskatchewan,2022,0-14,M,123955,50,1366,2479
SK,Saskatchewan,2022,15-44,F,251879,238,2494,5037
SK,Saskatchewan,2022,15-44,M,272162,225,2527,5443
SK,Saskatchewan,2022,45-64,F,146191,444,11708,8040
SK,Saskatchewan,2022,45-64,M,153261,492,12107,8429
SK,Saskatchewan,2022,65+,F,89737,1739,16141,4935
SK,Saskatchewan,2022,65+,M,84942,1664,15198,4671
SK,Saskatchewan,2023,0-14,F,122577,46,1645,2451
SK,Saskatchewan,2023,0-14,M,128713,39,1399,2574
SK,Saskatchewan,2023,15-44,F,261346,197,2835,5226
SK,Saskatchewan,2023,15-44,M,266364,267,1482,5327
SK,Saskatchewan,2023,45-64,F,149258,384,11652,8209
SK,Saskatchewan,2023,45-64,M,152290,549,12006,8375
SK,Saskatchewan,2023,65+,F,90016,1688,16575,4950
SK,Saskatchewan,2023,65+,M,85886,1443,15278,4723
SK,Saskatchewan,2024,0-14,F,122735,73,1201,2454
SK,Saskatchewan,2024,0-14,M,130314,45,1849,2606
SK,Saskatchewan,2024,15-44,F,257229,239,2154,5144
SK,Saskatchewan,2024,15-44,M,274175,231,2653,5483
SK,Saskatchewan,2024,45-64,F,150825,537,12331,8295
SK,Saskatchewan,2024,45-64,M,152834,447,12647,8405
SK,Saskatchewan,2024,65+,F,88012,1744,16100,4840
SK,Saskatchewan,2024,65+,M,89122,1574,16035,4901
AB,Alberta,2015,0-14,F,460240,149,4921,9204
AB,Alberta,2015,0-14,M,450559,293,2847,9011
AB,Alberta,2015,15-44,F,956957,886,9805,19139
AB,Alberta,2015,15-44,M,955722,799,7073,19114
AB,Alberta,2015,45-64,F,543935,1637,41132,29916
AB,Alberta,2015,45-64,M,549024,1920,44974,30196
AB,Alberta,2015,65+,F,318450,6138,58005,17514
AB,Alberta,2015,65+,M,319109,6148,58016,17550
AB,Alberta,2016,0-14,F,463606,257,4933,9272
AB,Alberta,2016,0-14,M,458122,213,3417,9162
AB,Alberta,2016,15-44,F,962261,721,8394,19245
AB,Alberta,2016,15-44,M,973370,732,7658,19467
AB,Alberta,2016,45-64,F,529535,1870,44396,29124
AB,Alberta,2016,45-64,M,576539,1668,46205,31709
AB,Alberta,2016,65+,F,330950,6011,58963,18202
AB,Alberta,2016,65+,M,314259,6438,56317,17284
AB,Alberta,2017,0-14,F,456429,227,6667,9128
AB,Alberta,2017,0-14,M,476360,157,5963,9527
AB,Alberta,2017,15-44,F,956972,701,11497,19139
AB,Alberta,2017,15-44,M,1001886,892,9563,20037
AB,Alberta,2017,45-64,F,568896,1718,47843,31289
AB,Alberta,2017,45-64,M,550451,1761,44897,30274
AB,Alberta,2017,65+,F,331640,5990,60412,18240
AB,Alberta,2017,65+,M,321312,5584,57569,17672
AB,Alberta,2018,0-14,F,471670,216,4547,9433
AB,Alberta,2018,0-14,M,472312,227,5377,9446
AB,Alberta,2018,15-44,F,976619,714,9211,19532
AB,Alberta,2018,15-44,M,1005745,999,11857,20114
AB,Alberta,2018,45-64,F,581941,1913,44252,32006
AB,Alberta,2018,45-64,M,550838,1769,46157,30296
AB,Alberta,2018,65+,F,336657,6059,61112,18516
AB,Alberta,2018,65+,M,324130,5558,57933,17827
AB,Alberta,2019,0-14,F,471957,188,4496,9439
AB,Alberta,2019,0-14,M,483353,246,5241,9667
AB,Alberta,2019,15-44,F,997724,807,10715,19954
AB,Alberta,2019,15-44,M,1008429,842,11007,20168
AB,Alberta,2019,45-64,F,578883,1826,45164,31838
AB,Alberta,2019,45-64,M,567489,1810,44478,31211
AB,Alberta,2019,65+,F,341808,6600,61670,18799
AB,Alberta,2019,65+,M,326909,6518,58561,17979
AB,Alberta,2020,0-14,F,479442,236,5220,9588
AB,Alberta,2020,0-14,M,487332,187,5018,9746
AB,Alberta,2020,15-44,F,1007720,857,5872,20154
AB,Alberta,2020,15-44,M,1022506,888,14749,20450
AB,Alberta,2020,45-64,F,584241,1763,47175,32133
AB,Alberta,2020,45-64,M,575888,1887,47444,31673
AB,Alberta,2020,65+,F,346883,6895,62848,19078
AB,Alberta,2020,65+,M,329858,6211,59597,18142
AB,Alberta,2021,0-14,F,479116,249,3695,9582
AB,Alberta,2021,0-14,M,499259,257,4927,9985
AB,Alberta,2021,15-44,F,1025797,880,9949,20515
AB,Alberta,2021,15-44,M,1028792,1021,10115,20575
AB,Alberta,2021,45-64,F,600169,1861,48228,33009
AB,Alberta,2021,45-64,M,573881,2012,46602,31563
AB,Alberta,2021,65+,F,348256,7655,62870,19154
AB,Alberta,2021,65+,M,336606,6910,60486,18513
AB,Alberta,2022,0-14,F,489777,253,6091,9795
AB,Alberta,2022,0-14,M,500339,267,5876,10006
AB,Alberta,2022,15-44,F,1046174,817,11157,20923
AB,Alberta,2022,15-44,M,1033071,993,9870,20661
AB,Alberta,2022,45-64,F,581414,2071,45447,31977
AB,Alberta,2022,45-64,M,606725,1814,48367,33369
AB,Alberta,2022,65+,F,344408,6326,62924,18942
AB,Alberta,2022,65+,M,348673,6802,62788,19177
AB,Alberta,2023,0-14,F,515386,177,5443,10307
AB,Alberta,2023,0-14,M,486611,135,5851,9732
AB,Alberta,2023,15-44,F,1055426,1307,15425,21108
AB,Alberta,2023,15-44,M,1048770,868,10264,20975
AB,Alberta,2023,45-64,F,589228,2136,45207,32407
AB,Alberta,2023,45-64,M,613169,1688,48290,33724
AB,Alberta,2023,65+,F,346612,6792,63131,19063
AB,Alberta,2023,65+,M,354786,6230,62218,19513
AB,Alberta,2024,0-14,F,498310,191,2971,9966
AB,Alberta,2024,0-14,M,515711,238,5975,10314
AB,Alberta,2024,15-44,F,1067322,848,10333,21346
AB,Alberta,2024,15-44,M,1062124,855,7757,21242
AB,Alberta,2024,45-64,F,617109,2055,49765,33940
AB,Alberta,2024,45-64,M,599717,1944,46783,32984
AB,Alberta,2024,65+,F,356195,5837,64242,19590
AB,Alberta,2024,65+,M,353619,7325,62608,19449
BC,British Columbia,2015,0-14,F,398910,190,4988,7978
BC,British Columbia,2015,0-14,M,389669,161,3357,7793
BC,British Columbia,2015,15-44,F,1092844,942,15391,21856
BC,British Columbia,2015,15-44,M,1010035,892,10055,20200
BC,British Columbia,2015,45-64,F,679033,2171,53218,37346
BC,British Columbia,2015,45-64,M,687838,2342,55337,37831
BC,British Columbia,2015,65+,F,499258,8901,91168,27459
BC,British Columbia,2015,65+,M,499609,9891,89377,27478
BC,British Columbia,2016,0-14,F,390639,160,3295,7812
BC,British Columbia,2016,0-14,M,406614,158,2625,8132
BC,British Columbia,2016,15-44,F,1052980,663,7942,21059
BC,British Columbia,2016,15-44,M,1073030,644,10545,21460
BC,British Columbia,2016,45-64,F,693030,2161,53997,38116
BC,British Columbia,2016,45-64,M,688876,2002,55749,37888
BC,British Columbia,2016,65+,F,510487,9893,90983,28076
BC,British Columbia,2016,65+,M,499367,9596,91187,27465
BC,British Columbia,2017,0-14,F,398287,166,4187,7965
BC,British Columbia,2017,0-14,M,407736,175,4083,8154
BC,British Columbia,2017,15-44,F,1081697,898,11275,21633
BC,British Columbia,2017,15-44,M,1067699,780,8507,21353
BC,British Columbia,2017,45-64,F,717953,2010,55688,39487
BC,British Columbia,2017,45-64,M,679154,2200,53119,37353
BC,British Columbia,2017,65+,F,505237,9620,88953,27788
BC,British Columbia,2017,65+,M,515725,10204,93666,28364
BC,British Columbia,2018,0-14,F,415543,200,3443,8310
BC,British Columbia,2018,0-14,M,399346,182,2983,7986
BC,British Columbia,2018,15-44,F,1125484,904,10976,22509
BC,British Columbia,2018,15-44,M,1047555,840,7994,20951
BC,British Columbia,2018,45-64,F,711886,2325,56886,39153
BC,British Columbia,2018,45-64,M,700589,2273,55108,38532
BC,British Columbia,2018,65+,F,504002,8864,91211,27720
BC,British Columbia,2018,65+,M,528191,10784,95582,29050
BC,British Columbia,2019,0-14,F,413595,168,4992,8271
BC,British Columbia,2019,0-14,M,410258,137,3306,8205
BC,British Columbia,2019,15-44,F,1107206,1105,11913,22144
BC,British Columbia,2019,15-44,M,1089737,799,10221,21794
BC,British Columbia,2019,45-64,F,722779,2184,59237,39752
BC,British Columbia,2019,45-64,M,705233,2014,58687,38787
BC,British Columbia,2019,65+,F,513131,10421,91888,28222
BC,British Columbia,2019,65+,M,530416,9982,93954,29172
BC,British Columbia,2020,0-14,F,420827,205,5299,8416
BC,British Columbia,2020,0-14,M,412088,148,3819,8241
BC,British Columbia,2020,15-44,F,1113915,760,12456,22278
BC,British Columbia,2020,15-44,M,1107194,844,10639,22143
BC,British Columbia,2020,45-64,F,728385,2187,58260,40061
BC,British Columbia,2020,45-64,M,715336,2250,56694,39343
BC,British Columbia,2020,65+,F,535198,10373,98105,29435
BC,British Columbia,2020,65+,M,519828,9963,94604,28590
BC,British Columbia,2021,0-14,F,432745,200,3377,8654
BC,British Columbia,2021,0-14,M,409332,135,3488,8186
BC,British Columbia,2021,15-44,F,1096006,1056,11492,21920
BC,British Columbia,2021,15-44,M,1149536,765,11044,22990
BC,British Columbia,2021,45-64,F,725397,2353,55356,39896
BC,British Columbia,2021,45-64,M,734205,2186,58642,40381
BC,British Columbia,2021,65+,F,527596,8633,94796,29017
BC,British Columbia,2021,65+,M,539036,10334,97942,29646
BC,British Columbia,2022,0-14,F,419771,208,3526,8395
BC,British Columbia,2022,0-14,M,431569,128,3976,8631
BC,British Columbia,2022,15-44,F,1112382,1131,12704,22247
BC,British Columbia,2022,15-44,M,1157861,1043,12457,23157
BC,British Columbia,2022,45-64,F,746035,2363,62173,41031
BC,British Columbia,2022,45-64,M,729622,2162,60726,40129
BC,British Columbia,2022,65+,F,542655,11173,96151,29846
BC,British Columbia,2022,65+,M,535709,10555,95638,29463
BC,British Columbia,2023,0-14,F,442534,206,5318,8850
BC,British Columbia,2023,0-14,M,418171,159,2928,8363
BC,British Columbia,2023,15-44,F,1149716,965,12757,22994
BC,British Columbia,2023,15-44,M,1145499,1104,11318,22909
BC,British Columbia,2023,45-64,F,718262,2338,56963,39504
BC,British Columbia,2023,45-64,M,773627,2163,61483,42549
BC,British Columbia,2023,65+,F,548780,11059,99288,30182
BC,British Columbia,2023,65+,M,541446,9521,97646,29779
BC,British Columbia,2024,0-14,F,429243,245,5054,8584
BC,British Columbia,2024,0-14,M,440930,225,4462,8818
BC,British Columbia,2024,15-44,F,1151221,1151,8443,23024
BC,British Columbia,2024,15-44,M,1169242,944,9885,23384
BC,British Columbia,2024,45-64,F,748431,2625,58980,41163
BC,British Columbia,2024,45-64,M,759869,1977,60163,41792
BC,British Columbia,2024,65+,F,541041,10628,97850,29757
BC,British Columbia,2024,65+,M,561178,10473,99576,30864
YT,Yukon,2015,0-14,F,6389,2,91,127
YT,Yukon,2015,0-14,M,6523,3,57,130
YT,Yukon,2015,15-44,F,10141,8,96,202
YT,Yukon,2015,15-44,M,9895,9,102,197
YT,Yukon,2015,45-64,F,4066,14,325,223
YT,Yukon,2015,45-64,M,3948,13,311,217
YT,Yukon,2015,65+,F,1768,34,311,97
YT,Yukon,2015,65+,M,1793,38,327,98
YT,Yukon,2016,0-14,F,6585,2,70,131
YT,Yukon,2016,0-14,M,6481,2,69,129
YT,Yukon,2016,15-44,F,10099,9,130,201
YT,Yukon,2016,15-44,M,10177,9,80,203
YT,Yukon,2016,45-64,F,3944,14,340,216
YT,Yukon,2016,45-64,M,4166,12,335,229
YT,Yukon,2016,65+,F,1877,36,335,103
YT,Yukon,2016,65+,M,1726,36,308,94
YT,Yukon,2017,0-14,F,6835,2,41,136
YT,Yukon,2017,0-14,M,6388,3,37,127
YT,Yukon,2017,15-44,F,10254,6,95,205
YT,Yukon,2017,15-44,M,10266,10,110,205
YT,Yukon,2017,45-64,F,4174,13,334,229
YT,Yukon,2017,45-64,M,4033,13,311,221
YT,Yukon,2017,65+,F,1802,28,322,99
YT,Yukon,2017,65+,M,1845,33,334,101
YT,Yukon,2018,0-14,F,6688,2,53,133
YT,Yukon,2018,0-14,M,6694,3,65,133
YT,Yukon,2018,15-44,F,10503,8,119,210
YT,Yukon,2018,15-44,M,10263,8,100,205
YT,Yukon,2018,45-64,F,3973,11,303,218
YT,Yukon,2018,45-64,M,4333,14,340,238
YT,Yukon,2018,65+,F,1857,33,333,102
YT,Yukon,2018,65+,M,1834,38,333,100
YT,Yukon,2019,0-14,F,6655,2,51,133
YT,Yukon,2019,0-14,M,6888,1,57,137
YT,Yukon,2019,15-44,F,10306,9,98,206
YT,Yukon,2019,15-44,M,10709,9,92,214
YT,Yukon,2019,45-64,F,4185,14,321,230
YT,Yukon,2019,45-64,M,4220,13,345,232
YT,Yukon,2019,65+,F,1883,37,349,103
YT,Yukon,2019,65+,M,1852,34,334,101
YT,Yukon,2020,0-14,F,6954,3,75,139
YT,Yukon,2020,0-14,M,6751,3,53,135
YT,Yukon,2020,15-44,F,10590,10,115,211
YT,Yukon,2020,15-44,M,10677,10,101,213
YT,Yukon,2020,45-64,F,4189,13,327,230
YT,Yukon,2020,45-64,M,4317,14,336,237
YT,Yukon,2020,65+,F,1914,36,345,105
YT,Yukon,2020,65+,M,1866,32,339,102
YT,Yukon,2021,0-14,F,6855,2,47,137
YT,Yukon,2021,0-14,M,7014,3,63,140
YT,Yukon,2021,15-44,F,10737,8,64,214
YT,Yukon,2021,15-44,M,10785,8,101,215
YT,Yukon,2021,45-64,F,4249,12,354,233
YT,Yukon,2021,45-64,M,4359,11,360,239
YT,Yukon,2021,65+,F,1921,38,346,105
YT,Yukon,2021,65+,M,1904,38,341,104
YT,Yukon,2022,0-14,F,7172,4,70,143
YT,Yukon,2022,0-14,M,6864,3,85,137
YT,Yukon,2022,15-44,F,11115,10,98,222
YT,Yukon,2022,15-44,M,10666,8,108,213
YT,Yukon,2022,45-64,F,4486,13,371,246
YT,Yukon,2022,45-64,M,4225,14,337,232
YT,Yukon,2022,65+,F,1926,35,351,105
YT,Yukon,2022,65+,M,1945,36,351,106
YT,Yukon,2023,0-14,F,6939,2,91,138
YT,Yukon,2023,0-14,M,7265,2,96,145
YT,Yukon,2023,15-44,F,11103,9,69,222
YT,Yukon,2023,15-44,M,10939,8,86,218
YT,Yukon,2023,45-64,F,4462,14,365,245
YT,Yukon,2023,45-64,M,4354,14,350,239
YT,Yukon,2023,65+,F,2001,35,367,110
YT,Yukon,2023,65+,M,1916,34,351,105
YT,Yukon,2024,0-14,F,7222,3,87,144
YT,Yukon,2024,0-14,M,7153,3,69,143
YT,Yukon,2024,15-44,F,11240,9,119,224
YT,Yukon,2024,15-44,M,11067,10,110,221
YT,Yukon,2024,45-64,F,4406,15,355,242
YT,Yukon,2024,45-64,M,4516,14,347,248
YT,Yukon,2024,65+,F,2086,40,375,114
YT,Yukon,2024,65+,M,1878,34,338,103
NT,Northwest Territories,2015,0-14,F,6558,3,66,131
NT,Northwest Territories,2015,0-14,M,6543,2,78,130
NT,Northwest Territories,2015,15-44,F,10209,9,92,204
NT,Northwest Territories,2015,15-44,M,10121,7,102,202
NT,Northwest Territories,2015,45-64,F,4064,13,322,223
NT,Northwest Territories,2015,45-64,M,4067,11,321,223
NT,Northwest Territories,2015,65+,F,1778,33,319,97
NT,Northwest Territories,2015,65+,M,1835,37,327,100
NT,Northwest Territories,2016,0-14,F,6779,2,61,135
NT,Northwest Territories,2016,0-14,M,6374,2,61,127
NT,Northwest Territories,2016,15-44,F,10105,8,107,202
NT,Northwest Territories,2016,15-44,M,10306,11,95,206
NT,Northwest Territories,2016,45-64,F,4059,12,317,223
NT,Northwest Territories,2016,45-64,M,4104,12,324,225
NT,Northwest Territories,2016,65+,F,1800,39,321,99
NT,Northwest Territories,2016,65+,M,1827,33,328,100
NT,Northwest Territories,2017,0-14,F,6551,3,82,131
NT,Northwest Territories,2017,0-14,M,6655,1,34,133
NT,Northwest Territories,2017,15-44,F,10348,10,71,206
NT,Northwest Territories,2017,15-44,M,10144,4,113,202
NT,Northwest Territories,2017,45-64,F,4078,11,318,224
NT,Northwest Territories,2017,45-64,M,4118,12,330,226
NT,Northwest Territories,2017,65+,F,1844,36,321,101
NT,Northwest Territories,2017,65+,M,1798,32,319,98
NT,Northwest Territories,2018,0-14,F,6663,2,77,133
NT,Northwest Territories,2018,0-14,M,6595,1,66,131
NT,Northwest Territories,2018,15-44,F,10172,10,91,203
NT,Northwest Territories,2018,15-44,M,10402,9,66,208
NT,Northwest Territories,2018,45-64,F,4311,14,344,237
NT,Northwest Territories,2018,45-64,M,3918,13,302,215
NT,Northwest Territories,2018,65+,F,1809,38,327,99
NT,Northwest Territories,2018,65+,M,1847,35,332,101
NT,Northwest Territories,2019,0-14,F,6865,3,60,137
NT,Northwest Territories,2019,0-14,M,6447,3,44,128
NT,Northwest Territories,2019,15-44,F,10572,10,98,211
NT,Northwest Territories,2019,15-44,M,10085,10,99,201
NT,Northwest Territories,2019,45-64,F,4283,14,337,235
NT,Northwest Territories,2019,45-64,M,3979,13,318,218
NT,Northwest Territories,2019,65+,F,1892,36,348,104
NT,Northwest Territories,2019,65+,M,1779,34,320,97
NT,Northwest Territories,2020,0-14,F,6539,3,68,130
NT,Northwest Territories,2020,0-14,M,6826,2,71,136
NT,Northwest Territories,2020,15-44,F,10155,7,130,203
NT,Northwest Territories,2020,15-44,M,10584,8,87,211
NT,Northwest Territories,2020,45-64,F,4065,12,331,223
NT,Northwest Territories,2020,45-64,M,4230,13,337,232
NT,Northwest Territories,2020,65+,F,1825,35,321,100
NT,Northwest Territories,2020,65+,M,1861,32,338,102
NT,Northwest Territories,2021,0-14,F,6727,2,48,134
NT,Northwest Territories,2021,0-14,M,6691,2,39,133
NT,Northwest Territories,2021,15-44,F,10432,8,84,208
NT,Northwest Territories,2021,15-44,M,10390,8,111,207
NT,Northwest Territories,2021,45-64,F,3990,11,328,219
NT,Northwest Territories,2021,45-64,M,4338,14,340,238
NT,Northwest Territories,2021,65+,F,1843,34,332,101
NT,Northwest Territories,2021,65+,M,1858,38,336,102
NT,Northwest Territories,2022,0-14,F,6667,2,46,133
NT,Northwest Territories,2022,0-14,M,6805,2,84,136
NT,Northwest Territories,2022,15-44,F,10772,7,110,215
NT,Northwest Territories,2022,15-44,M,10134,7,85,202
NT,Northwest Territories,2022,45-64,F,4216,12,329,231
NT,Northwest Territories,2022,45-64,M,4145,13,320,227
NT,Northwest Territories,2022,65+,F,1917,34,347,105
NT,Northwest Territories,2022,65+,M,1798,33,321,98
NT,Northwest Territories,2023,0-14,F,6757,2,74,135
NT,Northwest Territories,2023,0-14,M,6769,3,62,135
NT,Northwest Territories,2023,15-44,F,10283,7,126,205
NT,Northwest Territories,2023,15-44,M,10706,9,99,214
NT,Northwest Territories,2023,45-64,F,4199,13,346,230
NT,Northwest Territories,2023,45-64,M,4196,12,329,230
NT,Northwest Territories,2023,65+,F,1826,33,331,100
NT,Northwest Territories,2023,65+,M,1904,40,341,104
NT,Northwest Territories,2024,0-14,F,6697,2,77,133
NT,Northwest Territories,2024,0-14,M,6883,3,75,137
NT,Northwest Territories,2024,15-44,F,10673,6,117,213
NT,Northwest Territories,2024,15-44,M,10400,6,97,208
NT,Northwest Territories,2024,45-64,F,4135,13,346,227
NT,Northwest Territories,2024,45-64,M,4293,14,337,236
NT,Northwest Territories,2024,65+,F,1871,35,330,102
NT,Northwest Territories,2024,65+,M,1874,33,335,103
NU,Nunavut,2015,0-14,F,6132,2,58,122
NU,Nunavut,2015,0-14,M,5652,1,61,113
NU,Nunavut,2015,15-44,F,9013,7,84,180
NU,Nunavut,2015,15-44,M,9274,8,105,185
NU,Nunavut,2015,45-64,F,3635,10,292,199
NU,Nunavut,2015,45-64,M,3679,12,289,202
NU,Nunavut,2015,65+,F,1557,28,280,85
NU,Nunavut,2015,65+,M,1693,30,305,93
NU,Nunavut,2016,0-14,F,6195,2,48,123
NU,Nunavut,2016,0-14,M,5778,2,69,115
NU,Nunavut,2016,15-44,F,9169,5,129,183
NU,Nunavut,2016,15-44,M,9410,8,79,188
NU,Nunavut,2016,45-64,F,3704,12,291,203
NU,Nunavut,2016,45-64,M,3727,12,293,204
NU,Nunavut,2016,65+,F,1664,30,294,91
NU,Nunavut,2016,65+,M,1638,31,296,90
NU,Nunavut,2017,0-14,F,6019,3,64,120
NU,Nunavut,2017,0-14,M,6145,2,71,122
NU,Nunavut,2017,15-44,F,9694,7,78,193
NU,Nunavut,2017,15-44,M,9182,8,109,183
NU,Nunavut,2017,45-64,F,3738,12,292,205
NU,Nunavut,2017,45-64,M,3812,12,304,209
NU,Nunavut,2017,65+,F,1649,31,295,90
NU,Nunavut,2017,65+,M,1706,33,310,93
NU,Nunavut,2018,0-14,F,6262,2,49,125
NU,Nunavut,2018,0-14,M,6097,1,63,121
NU,Nunavut,2018,15-44,F,9472,8,57,189
NU,Nunavut,2018,15-44,M,9706,7,53,194
NU,Nunavut,2018,45-64,F,3730,10,307,205
NU,Nunavut,2018,45-64,M,3940,13,308,216
NU,Nunavut,2018,65+,F,1743,33,310,95
NU,Nunavut,2018,65+,M,1665,31,298,91
NU,Nunavut,2019,0-14,F,6502,1,67,130
NU,Nunavut,2019,0-14,M,6055,2,53,121
NU,Nunavut,2019,15-44,F,9607,9,90,192
NU,Nunavut,2019,15-44,M,9878,7,108,197
NU,Nunavut,2019,45-64,F,4002,13,324,220
NU,Nunavut,2019,45-64,M,3791,12,288,208
NU,Nunavut,2019,65+,F,1758,31,316,96
NU,Nunavut,2019,65+,M,1705,33,312,93
NU,Nunavut,2020,0-14,F,6442,2,79,128
NU,Nunavut,2020,0-14,M,6315,2,79,126
NU,Nunavut,2020,15-44,F,9841,6,72,196
NU,Nunavut,2020,15-44,M,9956,6,112,199
NU,Nunavut,2020,45-64,F,3865,14,315,212
NU,Nunavut,2020,45-64,M,4053,14,319,222
NU,Nunavut,2020,65+,F,1800,36,325,99
NU,Nunavut,2020,65+,M,1718,32,310,94
NU,Nunavut,2021,0-14,F,6439,3,81,128
NU,Nunavut,2021,0-14,M,6523,3,76,130
NU,Nunavut,2021,15-44,F,9954,7,114,199
NU,Nunavut,2021,15-44,M,10160,6,123,203
NU,Nunavut,2021,45-64,F,4119,13,322,226
NU,Nunavut,2021,45-64,M,3926,13,313,215
NU,Nunavut,2021,65+,F,1845,35,329,101
NU,Nunavut,2021,65+,M,1730,34,311,95
NU,Nunavut,2022,0-14,F,6532,2,57,130
NU,Nunavut,2022,0-14,M,6637,2,77,132
NU,Nunavut,2022,15-44,F,9875,7,120,197
NU,Nunavut,2022,15-44,M,10561,6,80,211
NU,Nunavut,2022,45-64,F,4165,11,320,229
NU,Nunavut,2022,45-64,M,4008,13,318,220
NU,Nunavut,2022,65+,F,1802,35,325,99
NU,Nunavut,2022,65+,M,1830,36,329,100
NU,Nunavut,2023,0-14,F,6849,3,60,136
NU,Nunavut,2023,0-14,M,6531,2,62,130
NU,Nunavut,2023,15-44,F,10571,8,112,211
NU,Nunavut,2023,15-44,M,10191,9,83,203
NU,Nunavut,2023,45-64,F,4193,14,339,230
NU,Nunavut,2023,45-64,M,4111,15,338,226
NU,Nunavut,2023,65+,F,1803,31,327,99
NU,Nunavut,2023,65+,M,1887,35,337,103
NU,Nunavut,2024,0-14,F,6774,3,74,135
NU,Nunavut,2024,0-14,M,6820,2,78,136
NU,Nunavut,2024,15-44,F,10682,9,100,213
NU,Nunavut,2024,15-44,M,10413,8,120,208
NU,Nunavut,2024,45-64,F,4306,15,328,236
NU,Nunavut,2024,45-64,M,4131,12,333,227
NU,Nunavut,2024,65+,F,1853,34,333,101
NU,Nunavut,2024,65+,M,1896,36,340,104
